PID;NAME.VERWENDUNG;VORNAME;NACHNAME;GESCHLECHT;GEBURTSTAG
1201856;;sd;jojo;female;
1202050;official;Hannahi;Sprungi;female;1997-02-10
1202054;;Tekeste;Sefanit;female;1996-09-18
1204572;;Lara;Mirren;female;1955-03-01
1207335;;Alexaner;Spaß;female;1988-07-06
1213540;;hoooola;abdres;female;1986-10-24
1213541;;hoooola;abdres;female;1986-10-24
30824;;Winzler;Susana;female;2002-04-06
729;;Michael;Burnham;female;2226-10-24
741;;Mark;Atlant;female;1980-10-24
734;;Michael;Burnham-Hopkins;female;1980-10-24
739;;Ken;James;female;1980-10-24
738;;Bruce;Wayne;female;1976-10-24
727;;Peter;Werner;female;1965-10-24
735;;Kira;Nerys;female;2334-11-08
740;official;Michael;Burnham;female;1906-10-24
757;;Michael-me;Burnham;female;2226-10-24
758;;Michael;Burnham;female;1980-10-24
1009;official;永好;刘;female;2003-01-12
1011;official;永好;刘;female;2003-01-12
1024;;Judy Hopps;;female;1990-08-27
1026;;Dory;;female;1979-07-20
1034;;Sheila Hammond;;female;1974-10-19
1526;official;Monae;Johnson;female;2019-09-20
1620;official;Aliza77;Luettgen772;female;2002-10-08
1617;official;Aliza77;Luettgen772;female;2002-10-08
1627;official;Aliza77;Luettgen772;female;2002-10-08
1840;;;;female;1937-07-05
1894;;;;female;1953-02-04
1906;;;;female;1951-12-06
1918;;;;female;1939-06-10
1900;;;;female;1956-03-13
1912;;;;female;1939-06-10
1924;;;;female;1939-06-10
2000;;;;female;1939-02-25
2012;;;;female;1929-05-07
2006;;;;female;1929-05-07
2040;;;;female;1947-05-15
2036;;;;female;1947-05-15
2068;;;;female;1947-09-21
2080;;;;female;1947-09-21
2062;;;;female;1943-04-01
2074;;;;female;1947-09-21
2086;;;;female;1947-09-21
2098;;;;female;1932-09-28
2110;;;;female;1981-09-17
2092;;;;female;1947-09-21
2104;;;;female;1932-09-28
2140;;;;female;1943-09-01
2146;;;;female;1943-09-01
2168;;;;female;1956-03-21
2180;;;;female;1956-03-21
2164;;;;female;1987-08-16
2174;;;;female;1956-03-21
2186;;;;female;1949-02-12
2198;;;;female;1949-02-12
2209;;;;female;1947-04-01
2192;;;;female;1949-02-12
2213;;;;female;1947-04-01
2220;;;;female;1947-04-01
2228;;;;female;1947-04-01
2216;;;;female;1947-04-01
2224;;;;female;1947-04-01
2232;;;;female;1947-04-01
2252;;;;female;1939-12-26
2236;;;;female;1937-11-01
2246;;;;female;1945-04-18
2270;;;;female;1953-10-10
2282;;;;female;1953-10-10
2294;;;;female;1926-05-14
2276;;;;female;1953-10-10
2288;;;;female;1944-10-12
2300;;;;female;1942-04-04
2310;;;;female;1932-03-28
2322;;;;female;1932-03-28
2304;;;;female;1943-08-16
2316;;;;female;1932-03-28
2328;;;;female;1932-01-21
2340;;;;female;1957-09-20
2348;;;;female;1957-09-20
2334;;;;female;1932-01-21
2344;;;;female;1957-09-20
2351;;;;female;1940-12-25
2363;;;;female;1952-09-19
2357;;;;female;1940-12-25
2367;;;;female;1948-02-10
2390;;;;female;1928-04-15
2565;;;;female;1975-01-30
8212;;;;female;1959-04-13
8224;;;;female;1959-04-13
8206;;;;female;1959-04-13
8218;;;;female;1959-04-13
8742;;;;female;1959-04-13
22747;official;Josephine -+- Nessa;La Paradisio;female;1979-12-11
24762;;Olivia;Herrera;female;1994-01-25
QNS186;official;ConnectathonDemo;Gangstead;female;1970-11-03
29839;;Ginny -+- Maria;Herman;female;1974-12-25
30035;;Tieta do Agreste;;female;1960-06-16
30104;;Dory;;female;1979-07-20
30108;;Mónica Gaztambide;;female;1970-06-16
30102;;Judy Hopps;;female;1990-08-27
30312;;Persas;Tammy;female;1942-07-14
30317;;Pollie;Carmella;female;1917-09-14
30305;;Schulman;Mareah;female;1920-10-10
30302;;York;Garnet;female;2003-11-19
30311;;Rosenfeld;Sibby;female;1941-06-05
30310;;Vas;Myrta;female;2014-08-08
30315;;Savdeep;Adelice;female;1932-01-10
30303;;Lorita;Melosa;female;1981-10-24
30321;;Terchie;Geneva;female;1939-03-14
30322;;Thaddus;Pia;female;1970-03-02
30334;;Gwen;Tova;female;1979-02-18
30342;;Bowerman;Abbye;female;1943-03-11
30326;;Adriena;Lindi;female;2017-10-25
30346;;Wenda;Ag;female;1937-07-18
30374;;Row;Ardelis;female;1945-03-02
30406;;Batsheva;Lilah;female;1981-01-18
30370;;Gelasius;Sybil;female;1953-09-06
30378;;Noakes;Adey;female;1942-08-18
30386;;Francoise;Tallie;female;2018-11-24
30394;;Ernaline;Billie;female;1980-11-17
30402;;Mainis;Rachelle;female;2003-06-18
30410;;Laidlaw;Gwennie;female;1966-09-22
30414;;Brost;Giana;female;2001-04-08
30430;;Wahlstrom;Jacinta;female;1996-05-16
30454;;Jacobba;Pavia;female;1944-03-22
30418;;Cromwell;Neysa;female;1999-10-05
30434;;Irra;Ealasaid;female;1924-06-24
30458;;Selhorst;Deloria;female;1922-07-20
30462;;Uriel;Jillian;female;1995-07-16
30494;;Karyn;Felita;female;1995-08-16
30490;;Ultun;Berry;female;1935-07-10
30518;;Camellia;Bernadene;female;1986-01-26
30542;;Pippas;Fernande;female;1935-12-21
30550;;Zinck;Beverly;female;1991-08-17
30558;;Milburn;Tomasina;female;1934-02-10
30522;;Cybil;Lesley;female;1950-12-12
30530;;Ase;Martita;female;1943-02-09
30554;;Mallis;Rozella;female;1939-11-06
30566;;Jobey;Ana;female;1994-09-04
30583;;Neil;Samantha;female;1939-09-07
30591;;Selhorst;Stacie;female;1941-06-20
30611;;Nari;Evey;female;2017-07-25
30570;;Isacco;Sioux;female;1974-05-26
30579;;Basham;Shirl;female;2014-03-07
30595;;Tavi;Thomasin;female;1915-08-14
30603;;Priestley;Maia;female;1986-05-21
30615;;Burkle;Fidelity;female;1951-01-10
30635;;Zoilla;Averyl;female;1947-02-06
30643;;Zachar;Sheela;female;1922-07-04
30623;;Lunsford;Rica;female;1951-06-08
30647;;Ezaria;Rakel;female;1976-07-16
30655;;Nomi;Milka;female;1989-06-08
30667;;Clo;Oralee;female;1958-08-11
30675;;Miguelita;Chrissy;female;1956-03-21
30683;;Lothario;Luisa;female;1942-04-20
30691;;Leonore;Prue;female;2016-12-18
30707;;Marelda;Maggee;female;1920-08-09
30671;;Calida;Bette;female;1991-01-01
30679;;Farlee;Tami;female;1929-12-20
30695;;Herwig;Brittan;female;1985-07-20
30711;;Stag;Lacee;female;1984-09-01
30719;;Danielle;Celine;female;1940-07-02
30715;;Leveridge;Maxi;female;1933-05-06
30723;;Kapoor;Hyacinthe;female;1974-10-12
30748;;Patten;Devondra;female;2009-02-15
30727;;Read;Faun;female;1955-07-12
30760;;Lovel;Lyndsay;female;1949-12-20
30768;;Shimkus;Rayna;female;1939-06-23
30776;;Grewitz;Marybelle;female;1933-04-11
30784;;Tonjes;Brandea;female;1962-08-01
30792;;Gabriel;Aimil;female;1963-04-24
30848;;Nabalas;Windy;female;1983-02-11
30864;;Lindo;Marne;female;1920-08-23
30868;;Florinda;Libby;female;2001-11-10
30876;;Bendicta;Trista;female;1988-03-24
30884;;Stronski;Maribeth;female;1989-02-17
30892;;Spada;Tansy;female;1999-06-16
30916;;Ellora;Darryl;female;1994-05-13
30880;;Redmund;Claretta;female;1959-01-18
30888;;Grizelda;Heidi;female;1927-11-17
30896;;Zenobia;Tedi;female;1929-02-12
30904;;Zachary;Theressa;female;1971-01-26
30924;;Maddis;Marcella;female;1968-09-02
30956;;Quintilla;Addy;female;2015-02-06
30964;;Demetria;Venita;female;1997-04-18
30928;;Lissner;Fifine;female;1940-12-22
30936;;Olmsted;Roxie;female;1926-12-18
30972;;Elizabeth;Louella;female;1935-09-24
30996;;Clary;Belinda;female;2007-06-02
30976;;Annunciata;Danika;female;2019-01-07
30992;;Davenport;Sharron;female;1930-05-09
31000;;Grizel;Coreen;female;1918-02-09
31008;;Pinelli;Shawna;female;1978-01-16
31020;;Griswold;Anna;female;1980-02-05
31028;;Nereids;Bonita;female;1932-08-27
31036;;Kamp;Maudie;female;1989-07-25
31024;;Marco;Monique;female;2006-08-18
31056;;Kathleen;Hedy;female;1928-08-20
31064;;Zitah;Corny;female;1981-08-05
31092;;Matias;Mignon;female;1932-11-18
31100;;Jahn;Deeann;female;1982-06-11
31116;;Mayne;Rhea;female;1958-01-04
31096;;Millda;Aaren;female;1977-10-16
31112;;Hammond;Ferdinande;female;1988-09-13
31120;;Sven;Madge;female;1945-02-19
31124;;Loferski;Kitty;female;1933-07-25
31164;;Marillin;Tobi;female;1995-05-13
31128;;Dyane;Debbie;female;1919-09-26
31144;;Dymoke;Junina;female;1922-12-10
31152;;Polivy;Candy;female;2001-01-02
31160;;Calan;Mureil;female;1964-06-21
31168;;Marcellina;Eda;female;2009-10-03
31180;;Gio;Dianne;female;1997-02-16
31188;;Mohammed;Suzanna;female;1987-02-14
31204;;Deanne;Eloise;female;1946-09-12
31200;;Stearne;Roch;female;1980-02-24
31208;;Yeaton;Pam;female;1974-01-18
31216;;Gauntlett;Kore;female;2000-02-06
31220;;Ingham;Ddene;female;1973-03-11
31234;;Ellicott;Micky;female;1927-04-18
31223;;Hermione Granger;;female;1989-06-16
31230;;Karolina;Ray;female;2003-11-04
31705;;Wincer;Madel;female;1945-05-08
31707;;Evyn;Henryetta;female;1974-10-08
31696;;Macomber;Tate;female;2009-07-13
31698;;Jemie;Bria;female;1993-01-09
31706;;Myrah;Netta;female;1969-06-02
31709;;Lunetta;Lurlene;female;1922-07-07
31697;;Brok;Augustine;female;1962-01-26
31710;;Andie;Julia;female;1929-04-05
31711;;Burrow;Anthea;female;1951-11-11
31712;;Denny;Mel;female;1989-06-20
31713;;Norling;Iris;female;1965-10-14
31702;;Marta;Cathee;female;1975-06-16
31703;;Forsyth;Lainey;female;1978-04-14
31716;;Dorella;Cherlyn;female;1989-01-14
31717;;Dierolf;Leland;female;1919-05-19
31729;;Fish;Odelia;female;1924-03-12
31727;;Benge;Jacquetta;female;1946-10-17
31734;;Rainah;Charita;female;2015-05-07
31726;;Si;Celinka;female;1940-11-15
31724;;Mano;Berri;female;1925-09-19
31731;;Doelling;Enrichetta;female;1936-09-15
31745;;Graner;Garnet;female;1923-04-11
31755;;Skardol;Yovonnda;female;1961-06-24
31742;;Janeczka;Niki;female;1934-01-22
31738;;Victorine;Penelope;female;1960-06-02
31743;;Gainor;Laryssa;female;1963-04-11
31752;;Montano;Cassandre;female;2019-09-27
31740;;Lowe;Shanie;female;1968-07-01
31751;;Kemme;Jolynn;female;1972-07-16
31744;;Morvin;Kassi;female;1955-12-19
31774;;Porte;Jodee;female;2017-10-10
31748;;Britton;Abra;female;1992-08-25
31775;;Erskine;Krista;female;1965-04-09
31765;;Lory;Rosalynd;female;1967-02-20
31764;;Pare;Emilie;female;1959-07-23
31766;;Luigino;Bonnie;female;1924-09-01
31756;;Christal;Rebekah;female;1983-09-07
31758;;Sibel;Gilberta;female;2017-02-08
31770;;Rigby;Juliette;female;1926-11-06
31769;;Cinnamon;Helyn;female;1933-06-19
31763;;Burrton;Marylinda;female;1978-01-04
31760;;Gillie;Marleen;female;2007-07-14
31761;;Derward;Courtenay;female;1922-06-24
31801;;Stefanac;Marie;female;1989-10-21
31773;;Prinz;Em;female;1966-09-09
31890;;Ieso;Zenia;female;1994-04-23
37857;;rashmika;madnana;female;1969-06-21
37858;;rashmika;madnana;female;1969-06-21
37960;;patil;Priyanka;female;1990-03-19
37940;official;永好;刘;female;2003-01-12
37981;;S;Smita;female;1936-03-12
38027;;rashmika;mehra;female;1969-06-21
38073;;poi;fu;female;1969-06-21
38301;official -+- maiden;Anisa442 -+- Anisa442;Schultz619 -+- Kuhn96;female;1963-12-16
37682;official;Janine;UNDEUXTROIS;female;1933-03-21
38434;;;;female;1930-05-11
EX102943;official;Patient;Example;female;1925-10-30
39421;official -+- maiden;花子;令和 -+- 平成;female;1951-12-25
40179;;Joana -+- Maria;Gregery;female;1974-12-25
40555;;;;female;1087-01-25
40789;;Amy -+- V.;Shaw;female;2007-02-20
40909;;Anju;Antony;female;1960-08-08
40902;official;Annie;Andria;female;1992-11-10
40937;official;Annie;Andria;female;1992-11-10
40947;official;Annie;Andria;female;1992-11-10
40942;official;Annie;Andria;female;1992-11-10
40970;old;Nisha;York -+- Gosai;female;1981-07-13
41011;usual;Neetha;Joseph;female;1985-10-15
41018;usual;Neetha;Joseph;female;1985-10-15
bcbsa-test;;Amy -+- V.;Shaw;female;2007-02-20
41017;usual;Neetha;Joseph1;female;1985-10-15
41694;official;TESTFIRST2;TESTLAST2;female;1999-06-25T00:00:00
42024;official;Pippa;Walker;female;1979-10-09
41945;official;Emma;Walker;female;1970-10-09
bbmri-7;;;;female;1997-07-21
bbmri-3;;;;female;1991-04-17
bbmri-11;;;;female;1962-11-03
bbmri-12;;;;female;1985-03-10
44880;usual;Neetha;Joseph;female;1985-10-15
bbmri-17;;;;female;1979-06-23
bbmri-15;;;;female;1968-06-25
bbmri-18;;;;female;1991-05-21
bbmri-10;;;;female;1987-11-12
45266;;Michael0815;Burnham0815;female;2226-10-24
45267;;Michelangelo;Turtle;female;2226-10-24
bbmri-19;;;;female;1978-06-18
45272;;Allwissende;Muellhalde;female;1980-10-24
45281;usual;Ramya;Cholaraju;female;1983-07-17
45270;;hans;wurst;female;2226-10-24
45579;official;Harriet;Martin;female;1960-10-11
46292;official;Zara;Singh;female;2019-10-12
46213;official;Evelyn;Morris;female;2019-10-11
47605;;Simone -+- Ukw;Heckmann;female;1980-09-24
47607;;Ulla;Hoppe;female;1960-10-24
47613;;Kathryn;Janeway;female;2426-10-24
47604;;Boelen;Bürz;female;1926-10-24
PAT-003;official;Laura -+- Ester;Campos;female;1978-05-20
PAT-012;official;Marisa -+- Andrea;Robles;female;1987-08-22
PAT-010;official;Cecilia -+- Eugenia;Sierra;female;1990-08-09
PAT-013;official;Marlene -+- Ines;Gallardo;female;1968-01-30
PAT-011;official;Cristina -+- Ignacia;Matamala;female;1969-07-20
PAT-007;official;Maria -+- Consuelo;Ramirez;female;1970-05-05
PAT-008;official;Nicole -+- Viviana;Cofre;female;1921-06-07
PAT-004;official;Teolinda -+- De las mercedes;Yañez;female;1922-12-12
PAT-005;official;Inelda -+- Rosario;Rojas;female;1940-08-08
48023;;Valentin;test;female;
48150;;Hi;Hello;female;1990-10-24
48160;;Susanna;Schneider;female;2226-10-24
48159;;Ole;Fjord;female;2226-10-24
48166;;Gretchen;Nanunana;female;1990-10-24
48163;;Simone -+- Marie;Heckmann;female;1980-10-24
48170;;Michael;TestBurnham;female;2016-10-24
48162;;Lorelai;Gilmore;female;1980-10-01
48168;;Mr.;Batman;female;2226-10-24
49443;official;Molly;Moore;female;1970-10-19
49631;official;Olive;Hall;female;2019-10-21
49890;usual;LUCIE;TOREL;female;1936-12-01
49899;usual;SYLVIE;MOREL;female;1929-12-09
50098;official;Barbara;TEST0000000006;female;1974-04-11
50105;official;Manola;TEST0000000009;female;1950-11-23
50085;official;Susanne;TEST0000000001;female;1970-08-11
50093;official;Silvia;TEST0000000004;female;1957-08-08
50126;;Simone -+- Healex;Heckmann;female;1980-09-02
50212;;Ella;Karlsen;female;1995-11-28
50200;;Ella;Karlsen;female;1995-11-28
50210;;Ella;Karlsen;female;1995-11-28
50213;;Ella;Karlsen;female;1995-11-28
50272;maiden -+- usual;PATRICIA -+- PATRICIA;CHAMBRE -+- PARTICULIERE;female;1970-01-01
50278;official -+- usual;Anne -+- Anne;Rouault -+- Loisel;female;1960-03-20
50427;official -+- official;葵（XXX） -+- アオイ;駿河 -+- スルガ;female;1952-07-17
123a;official;nikki -+- nt;nikitat;female;1974-12-25
50715;official;Martina;Mustermann;female;0001-01-01
51423;official;Martina;Mustermann;female;0001-01-01
51424;official;Martina;Mustermann;female;0001-01-01
51470;official;Claudia;Shieffer;female;
51503;;princess;jasmine;female;1941-04-22
51555;official;Claudia;Shieffer;female;
51575;official;Claudia;Shieffer;female;
51595;official;Claudia;Shieffer;female;
51545;official;Claudia;Shieffer;female;
51565;official;Claudia;Shieffer;female;
51585;official;Claudia;Shieffer;female;
51606;official;Claudia;Shieffer;female;
51797;;Dory;;female;1979-07-20
51812;;Dory;;female;1979-07-20
51795;;Judy Hopps;;female;1990-08-27
51799;;Mónica Gaztambide;;female;1970-06-16
51810;;Judy Hopps;;female;1990-08-27
51814;;Mónica Gaztambide;;female;1970-06-16
51820;;Tahani Al-Jamil;;female;1986-02-25
51908;usual;Mary -+- lal;Jones;female;1963-06-25
51832;;Olivia Pope;;female;1979-02-25
52253;official;Leyla;Hadidi;female;2005-05-20
52269;official;Claudia;Shieffer;female;
52259;official;Claudia;Shieffer;female;
52279;official;Claudia;Shieffer;female;
52365;;Claudia;Shieffer;female;
52353;;Claudia;Shieffer;female;
51170;usual;Bianca;Seth;female;1969-08-17
52486;official;Kendra;SDC-FOUR;female;1957-05-31
52865;;Anne;Smith;female;1985-12-25
52867;;Michelle;Smith;female;1985-12-25
cc-pat-betsy;official;Betsy;Johnson;female;1957-11-07
bbmri-8;;;;female;1971-08-06
59350;usual;PATRICIA;FRANCAIS;female;1970-01-01
55422;usual;ALINE;URGENCE;female;1992-02-01
59354;usual -+- maiden;PATRICIA -+- PATRICIA;RETROCESSION -+- PRODUITS;female;1970-01-01
54700;;Vorname;Nachname;female;
54711;;Claudia;Shieffer;female;
54735;;Claudia;Shieffer;female;
54750;;Ginny -+- Maria;Herman;female;1974-12-25
54723;;Claudia;Shieffer;female;
54749;;Ginny -+- Maria;Herman;female;1974-12-25
54752;;;;female;1990-12-25
54817;;Saaaa;Taaaa;female;1993-11-06
54816;;Saaaa;Taaaa;female;1993-11-06
54899;official;Hemalatha -+- V;V;female;1990-12-25
54993;official;Mick;Burn;female;2226-10-24
54927;;Andrea;John;female;1997-06-12
54997;usual;JOELLE;CAMPARGUE;female;1959-07-25
55004;official;Emma;Walker;female;2019-11-05
55191;;Michael;Burnham;female;2226-10-24
54992;;Michael;Burnham;female;2226-10-24
55197;official;Mick;Burn;female;2226-10-24
55199;official;Mick;Burn;female;2226-10-24
55209;usual;PATRICIA;MIGRANT;female;1940-01-01
55198;official;Mick;Burn;female;2226-10-24
55200;official;Mick;Burn;female;2226-10-24
55216;official;Jane;Meller;female;1992-01-01
55218;usual;PATRICIA;HARMONIE;female;1960-01-01
55377;;Vorname;Nachname;female;1974-04-05
55597;usual;PATRICIA;HAPPYTAL;female;1980-01-01
55726;official;carla;wendy;female;2000-11-06
55728;official;;;female;2000-11-06
55727;official;;;female;2000-11-06
55729;;;;female;2000-11-06
55743;;Saaaa;Taaaa;female;1993-11-06
55744;;S;T;female;
55771;official;Peter -+- James;Chalmers;female;1974-12-25
54815;;S;T;female;1993-11-06
56656;official;Carla;Li;female;2000-11-06
56657;official;Carla;Li;female;2000-11-06
56655;official;Carla;Li;female;2000-11-06
56654;official;Carla;Li;female;2000-11-06
56754;official;Keerthi -+- Mohan;Mohan;female;1988-06-15
56760;official;Keerthi -+- Mohan;Mohan;female;1988-06-15
56658;official;Keerthi -+- Mohan;Mohan;female;1988-06-15
EXanimal;usual;Kenzi;;female;2010-03-23
57542;official;Barbara;TEST0000000006;female;1974-04-11
57549;official;Manola;TEST0000000009;female;1950-11-23
57529;official;Susanne;TEST0000000001;female;1970-08-11
58606;official;Barbara;TEST0000000006;female;1974-04-11
58601;official;Silvia;TEST0000000004;female;1957-08-08
58648;official;Manola;TEST0000000009;female;1950-11-23
58641;official;Barbara;TEST0000000006;female;1974-04-11
58593;official;Susanne;TEST0000000001;female;1970-08-11
58613;official;Manola;TEST0000000009;female;1950-11-23
58636;official;Silvia;TEST0000000004;female;1957-08-08
58628;official;Susanne;TEST0000000001;female;1970-08-11
58663;official;Susanne;TEST0000000001;female;1970-08-11
58671;official;Silvia;TEST0000000004;female;1957-08-08
58676;official;Barbara;TEST0000000006;female;1974-04-11
58683;official;Manola;TEST0000000009;female;1950-11-23
58779;official;Samantha;Walker;female;2019-11-11
58882;;Annie;Andri;female;1992-11-10
59094;;Simone -+- D.C.;Heckmann;female;1980-09-02
59090;;Michael;Burnham;female;2226-10-24
59098;;Undine;Unbekannt;female;
591089;;太郎 -+- タロウ;新橋;female;1959-01-01
59086;;Michael;Burnham;female;2226-10-24
59097;usual;Bat;Man;female;1950-10-24
59123;;Undine;Testfrau;female;
59125;;Undine;Testfrau;female;
59122;;Undine;Testfrau;female;
59138;usual;Hein;Blöd;female;2226-10-24
59160;usual;Hein;Blöd;female;2226-10-24
59348;usual -+- maiden;MARTINE -+- MARTINE;LEBEL -+- LEVASSEUR;female;1975-08-20
59389;;Undine;Testfrau;female;
55424;usual;ALICE;EXT;female;1980-01-01
59395;;Undine;Testfrau;female;
54969;official -+- maiden;CHRISTINE -+- BEATRICE -+- CHRISTINE -+- BEATRICE;OCTOBRE -+- LOISEAU;female;1968-05-03
59481;official;Manola;TEST0000000009;female;1950-11-23
59474;official;Barbara;TEST0000000006;female;1974-04-11
59469;official;Silvia;TEST0000000004;female;1957-08-08
59093;;Marion;Rot;female;1974-12-25
59530;;Anna;Singh;female;2019-11-12
60083;;Michael;Burnham;female;2226-10-24
60436;usual;Katerina;Nguyen;female;1979-08-18
60434;usual;Katerina;Nguyen;female;1979-08-18
60439;usual;Katerina;Nguyen;female;1979-08-18
60442;usual;Katerina;Nguyen;female;1979-08-18
60469;usual;Katerina;Nguyen;female;1979-08-18
60475;usual;Katerina;Nguyen;female;1979-08-18
60445;usual;Katerina;Nguyen;female;1979-08-18
60472;usual;Katerina;Nguyen;female;1979-08-18
60478;usual;Katerina;Nguyen;female;1979-08-18
61892;official;Carla;Li;female;2000-11-06
61897;official;Duck1;Donald1;female;1999-12-01
61996;usual;Katerina;Nguyen;female;1979-08-18
61990;usual;Katerina;Nguyen;female;1979-08-18
62066;usual;Katerina;Nguyen;female;1979-08-18
62077;usual;Katerina;Nguyen;female;1979-08-18
62061;usual;Katerina;Nguyen;female;1979-08-18
62071;usual;Katerina;Nguyen;female;1979-08-18
62082;usual;Katerina;Nguyen;female;1979-08-18
62094;usual;Katerina;Nguyen;female;1979-08-18
62104;usual;Katerina;Nguyen;female;1979-08-18
62114;usual;Katerina;Nguyen;female;1979-08-18
62089;usual;Katerina;Nguyen;female;1979-08-18
62099;usual;Katerina;Nguyen;female;1979-08-18
62109;usual;Katerina;Nguyen;female;1979-08-18
62119;usual;Katerina;Nguyen;female;1979-08-18
62140;usual;Katerina;Nguyen;female;1979-08-18
62169;usual;Katerina;Nguyen;female;1979-08-18
62180;usual;Katerina;Nguyen;female;1979-08-18
62221;usual;Katerina;Nguyen;female;1979-08-18
62124;usual;Katerina;Nguyen;female;1979-08-18
